INSERT INTO public.beat_books (id, beat_id) VALUES (500, 10);
INSERT INTO public.beat_books (id, beat_id) VALUES (501, 20);
INSERT INTO public.beat_books (id, beat_id) VALUES (502, 30);
INSERT INTO public.beat_books (id, beat_id) VALUES (503, 40);
INSERT INTO public.beat_books_beat_reports (beat_books_id, beat_reports_id) VALUES (500, 169);
INSERT INTO public.beat_books_beat_reports (beat_books_id, beat_reports_id) VALUES (500, 176);
INSERT INTO public.beat_books_beat_reports (beat_books_id, beat_reports_id) VALUES (502, 182);
INSERT INTO public.beat_books_beat_reports (beat_books_id, beat_reports_id) VALUES (501, 188);
INSERT INTO public.beat_expectations_report (id, beat_expectation_report_type, description, name, phone_number) VALUES (175, 'SUGGESTION', 'Friendly Neighbourhood Developer', 'Rohan', 9089908909);
INSERT INTO public.beat_expectations_report (id, beat_expectation_report_type, description, name, phone_number) VALUES (181, 'SUGGESTION', 'Friendly Neighbourhood Spiderman', 'Senthil', 9089908903);
INSERT INTO public.beat_expectations_report (id, beat_expectation_report_type, description, name, phone_number) VALUES (187, 'COMPLAINT', 'Friendly Neighbourhood Spiderman Fights', 'Safeur', 9089968905);
INSERT INTO public.beat_expectations_report (id, beat_expectation_report_type, description, name, phone_number) VALUES (193, 'COMPLAINT', 'Friendly Neighbourhood Spiderman Fights Strong', 'Nitesh', 9189968905);
INSERT INTO public.beat_illegal_activies_report (id, beat_illegal_activities_type, description) VALUES (171, 'GAMBLING', 'Some random issues');
INSERT INTO public.beat_illegal_activies_report (id, beat_illegal_activities_type, description) VALUES (178, 'GAMBLING', 'Some money problems');
INSERT INTO public.beat_illegal_activies_report (id, beat_illegal_activities_type, description) VALUES (184, 'SALE_OF_ALCOHOL', 'Some illegal problems');
INSERT INTO public.beat_illegal_activies_report (id, beat_illegal_activities_type, description) VALUES (190, 'SALE_OF_ALCOHOL', 'Some sale problems');
INSERT INTO public.beat_law_order_issues_report (id, beat_law_order_issue_type, description) VALUES (170, 'LOCAL', 'random string');
INSERT INTO public.beat_law_order_issues_report (id, beat_law_order_issue_type, description) VALUES (177, 'LOCAL', 'order issues');
INSERT INTO public.beat_law_order_issues_report (id, beat_law_order_issue_type, description) VALUES (183, 'LOCAL', 'other local issues');
INSERT INTO public.beat_law_order_issues_report (id, beat_law_order_issue_type, description) VALUES (189, 'COMMUNAL', 'other issues');
INSERT INTO public.beat_locations (id, latitude, longitude, beat_report_id, timestamp) VALUES (173, 12.5555, 71.3421, 169, 34953845);
INSERT INTO public.beat_locations (id, latitude, longitude, beat_report_id, timestamp) VALUES (174, 12.5555, 71.3421, 169, 34953895);
INSERT INTO public.beat_locations (id, latitude, longitude, beat_report_id, timestamp) VALUES (180, 12.455, 71.821, 176, 34953900);
INSERT INTO public.beat_locations (id, latitude, longitude, beat_report_id, timestamp) VALUES (186, 12.765, 71.981, 182, 34953902);
INSERT INTO public.beat_locations (id, latitude, longitude, beat_report_id, timestamp) VALUES (192, 12.215, 71.881, 188, 34953982);
INSERT INTO public.beat_reports (id, end_time, start_time, officer_id) VALUES (169, 1573952730048, 1573952516304, 400);
INSERT INTO public.beat_reports (id, end_time, start_time, officer_id) VALUES (176, 1573952926148, 1573952782993, 400);
INSERT INTO public.beat_reports (id, end_time, start_time, officer_id) VALUES (182, 1573953170292, 1573952974544, 404);
INSERT INTO public.beat_reports (id, end_time, start_time, officer_id) VALUES (188, 1573953269732, 1573953176710, 405);
INSERT INTO public.beat_reports_beat_expectations_reports (beat_reports_id, beat_expectations_reports_id) VALUES (169, 175);
INSERT INTO public.beat_reports_beat_expectations_reports (beat_reports_id, beat_expectations_reports_id) VALUES (176, 181);
INSERT INTO public.beat_reports_beat_expectations_reports (beat_reports_id, beat_expectations_reports_id) VALUES (182, 187);
INSERT INTO public.beat_reports_beat_expectations_reports (beat_reports_id, beat_expectations_reports_id) VALUES (188, 193);
INSERT INTO public.beat_reports_beat_illegal_activities_reports (beat_reports_id, beat_illegal_activities_reports_id) VALUES (169, 171);
INSERT INTO public.beat_reports_beat_illegal_activities_reports (beat_reports_id, beat_illegal_activities_reports_id) VALUES (176, 178);
INSERT INTO public.beat_reports_beat_illegal_activities_reports (beat_reports_id, beat_illegal_activities_reports_id) VALUES (182, 184);
INSERT INTO public.beat_reports_beat_illegal_activities_reports (beat_reports_id, beat_illegal_activities_reports_id) VALUES (188, 190);
INSERT INTO public.beat_reports_beat_law_order_issues_reports (beat_reports_id, beat_law_order_issues_reports_id) VALUES (169, 170);
INSERT INTO public.beat_reports_beat_law_order_issues_reports (beat_reports_id, beat_law_order_issues_reports_id) VALUES (176, 177);
INSERT INTO public.beat_reports_beat_law_order_issues_reports (beat_reports_id, beat_law_order_issues_reports_id) VALUES (182, 183);
INSERT INTO public.beat_reports_beat_law_order_issues_reports (beat_reports_id, beat_law_order_issues_reports_id) VALUES (188, 189);
INSERT INTO public.beat_reports_crimes (beat_reports_id, crimes_id) VALUES (169, 172);
INSERT INTO public.beat_reports_crimes (beat_reports_id, crimes_id) VALUES (176, 179);
INSERT INTO public.beat_reports_crimes (beat_reports_id, crimes_id) VALUES (182, 185);
INSERT INTO public.beat_reports_crimes (beat_reports_id, crimes_id) VALUES (188, 191);
INSERT INTO public.beats (id, station_id) VALUES (10, 1);
INSERT INTO public.beats (id, station_id) VALUES (20, 1);
INSERT INTO public.beats (id, station_id) VALUES (30, 1);
INSERT INTO public.beats (id, station_id) VALUES (40, 1);
INSERT INTO public.beats_location (beats_id, location) VALUES (10, 12.923343);
INSERT INTO public.beats_location (beats_id, location) VALUES (10, 77.497663);
INSERT INTO public.beats_location (beats_id, location) VALUES (10, 12.922909);
INSERT INTO public.beats_location (beats_id, location) VALUES (10, 77.498603);
INSERT INTO public.beats_location (beats_id, location) VALUES (10, 12.923355);
INSERT INTO public.beats_location (beats_id, location) VALUES (10, 77.499995);
INSERT INTO public.beats_location (beats_id, location) VALUES (10, 12.924819);
INSERT INTO public.beats_location (beats_id, location) VALUES (10, 77.499132);
INSERT INTO public.beats_location (beats_id, location) VALUES (20, 12.925216);
INSERT INTO public.beats_location (beats_id, location) VALUES (20, 77.499636);
INSERT INTO public.beats_location (beats_id, location) VALUES (20, 12.923804);
INSERT INTO public.beats_location (beats_id, location) VALUES (20, 77.500741);
INSERT INTO public.beats_location (beats_id, location) VALUES (20, 12.925029);
INSERT INTO public.beats_location (beats_id, location) VALUES (20, 77.502298);
INSERT INTO public.beats_location (beats_id, location) VALUES (20, 12.926294);
INSERT INTO public.beats_location (beats_id, location) VALUES (20, 77.500849);
INSERT INTO public.beats_location (beats_id, location) VALUES (30, 12.921986);
INSERT INTO public.beats_location (beats_id, location) VALUES (30, 77.498499);
INSERT INTO public.beats_location (beats_id, location) VALUES (30, 12.921693);
INSERT INTO public.beats_location (beats_id, location) VALUES (30, 77.502115);
INSERT INTO public.beats_location (beats_id, location) VALUES (30, 12.922415);
INSERT INTO public.beats_location (beats_id, location) VALUES (30, 77.50293);
INSERT INTO public.beats_location (beats_id, location) VALUES (30, 12.923701);
INSERT INTO public.beats_location (beats_id, location) VALUES (30, 77.500527);
INSERT INTO public.beats_location (beats_id, location) VALUES (40, 12.923785);
INSERT INTO public.beats_location (beats_id, location) VALUES (40, 77.500709);
INSERT INTO public.beats_location (beats_id, location) VALUES (40, 12.922057);
INSERT INTO public.beats_location (beats_id, location) VALUES (40, 77.503312);
INSERT INTO public.beats_location (beats_id, location) VALUES (40, 12.923751);
INSERT INTO public.beats_location (beats_id, location) VALUES (40, 77.503863);
INSERT INTO public.beats_location (beats_id, location) VALUES (40, 12.925246);
INSERT INTO public.beats_location (beats_id, location) VALUES (40, 77.502136);
INSERT INTO public.citizens (id, latitude, longitude, name, citizen_type, beat_id) VALUES (501, 12.923613, 77.499182, 'Mohan', 'ORDINARY', 10);
INSERT INTO public.citizens (id, latitude, longitude, name, citizen_type, beat_id) VALUES (502, 12.92173, 77.501716, 'Ravi', 'ORDINARY', 20);
INSERT INTO public.citizens (id, latitude, longitude, name, citizen_type, beat_id) VALUES (503, 12.923527, 77.502376, 'Sam', 'BEAT_MEMBER', 30);
INSERT INTO public.citizens (id, latitude, longitude, name, citizen_type, beat_id) VALUES (504, 12.924739, 77.500382, 'Rahul', 'BEAT_MEMBER', 40);
INSERT INTO public.crimes (id, beat_id, crime_type, description, time) VALUES (179, 10, 0, 'Heinous', 123029345237);
INSERT INTO public.crimes (id, beat_id, crime_type, description, time) VALUES (191, 20, 5, 'something new', 123029345240);
INSERT INTO public.crimes (id, beat_id, crime_type, description, time) VALUES (185, 30, 5, 'something different', 123029345239);
INSERT INTO public.crimes (id, beat_id, crime_type, description, time) VALUES (172, 10, 0, 'Suspect found with knife at the scene.', 123029345234);
INSERT INTO public.criminals (id, latitude, longitude, name, beat_id, criminal_type) VALUES (194, 12.45, 71.45, 'Kumar', 10, 2);
INSERT INTO public.criminals (id, latitude, longitude, name, beat_id, criminal_type) VALUES (195, 12.45, 71.71, 'Prakash', 10, 2);
INSERT INTO public.criminals (id, latitude, longitude, name, beat_id, criminal_type) VALUES (196, 12.45, 71.41, 'Govind', 20, 2);
INSERT INTO public.criminals (id, latitude, longitude, name, beat_id, criminal_type) VALUES (197, 12.95, 71.41, 'Hooman', 30, 2);
INSERT INTO public.officers (id, latitude, longitude, name, experience, officer_type, beat_id, station_id) VALUES (400, 12.923453, 77.500709, 'Somesh Singh', 1, 'CONSTABLE', 10, 1);
INSERT INTO public.officers (id, latitude, longitude, name, experience, officer_type, beat_id, station_id) VALUES (401, 12.922462, 77.499754, 'Micox Smol', 2, 'ASSISTANT_CONTABLE', 20, 1);
INSERT INTO public.officers (id, latitude, longitude, name, experience, officer_type, beat_id, station_id) VALUES (402, 12.92223, 77.501452, 'Rithika Jain', 10, 'ASSISTANT_SUB_INSPECTOR', 10, 1);
INSERT INTO public.officers (id, latitude, longitude, name, experience, officer_type, beat_id, station_id) VALUES (403, 12.923183, 77.502762, 'Rohan Mayya', 15, 'SUB_INSPECTOR', 30, 1);
INSERT INTO public.officers (id, latitude, longitude, name, experience, officer_type, beat_id, station_id) VALUES (404, 12.922693, 77.5003, 'JP Morgan', 12, 'CONSTABLE', 30, 1);
INSERT INTO public.officers (id, latitude, longitude, name, experience, officer_type, beat_id, station_id) VALUES (405, 12.924187, 77.502094, 'James Pen', 6, 'CONSTABLE', 20, 1);
INSERT INTO public.stations (id, latitude, longitude, name) VALUES (1, 12.923453, 77.500006, 'RV station1');
INSERT INTO public.stations (id, latitude, longitude, name) VALUES (2, 12.924446, 77.499942, 'RV station2');